tourney_id,tourney_date,surface,round,match_type,label,rank_diff,rank_pts_diff,age_diff,ht_diff,surface_per_diff,ace_vs_df_diff,first_in_diff,first_won_diff,second_won_diff,bp_saved_pct_diff
2000-M-SA-PAN-01A-2000b,20000101,Clay,R16,futures,1,-442.0,129.0,0.3000000000000007,,,,,,,
2000-M-SA-PAN-01A-2000c,20000101,Clay,R32,futures,0,501.0,-94.0,-7.4999999999999964,,,,,,,
2000-M-SA-PAN-01A-2000c,20000101,Clay,R32,futures,0,241.0,-24.0,0.10000000000000142,-13.0,,,,,,
2000-M-SA-PAN-01A-2000c,20000101,Clay,R32,futures,1,,,10.2,,,,,,,
2000-M-SA-PAN-01A-2000c,20000101,Clay,R32,futures,1,0.0,0.0,-2.1999999999999993,,,,,,,
2000-M-SA-PAN-01A-2000c,20000101,Clay,R32,futures,0,803.0,-143.0,5.199999999999999,,,,,,,
2000-M-SA-PAN-01A-2000c,20000101,Clay,R16,futures,1,440.0,-15.0,-0.8000000000000007,,,,,,,
2000-M-SA-PAN-01A-2000c,20000101,Clay,R32,futures,0,,,-2.0,,,,,,,
2000-M-SA-PAN-01A-2000c,20000101,Clay,R16,futures,0,,,0.3999999999999986,,,,,,,
2000-M-SA-PAN-01A-2000c,20000101,Clay,R16,futures,1,-566.0,54.0,4.299999999999997,,,,,,,
2000-M-SA-PAN-01A-2000c,20000101,Clay,R16,futures,0,,,5.200000000000003,,,,,,,
2000-M-SA-PAN-01A-2000c,20000101,Clay,R16,futures,0,652.0,-99.0,-11.499999999999996,,,,,,,
2000-M-SA-PAN-01A-2000c,20000101,Clay,R16,futures,0,,,9.2,,,,,,,
2000-M-SA-PAN-01A-2000c,20000101,Clay,R16,futures,1,-806.0,144.0,3.3999999999999986,-5.0,,,,,,
2000-M-SA-PAN-01A-2000c,20000101,Clay,QF,futures,1,334.0,-9.0,2.599999999999998,,,,,,,
2000-M-SA-PAN-01A-2000c,20000101,Clay,R16,futures,0,-176.0,40.0,6.099999999999998,18.0,,,,,,
2000-M-SA-PAN-01A-2000c,20000101,Clay,R32,futures,0,,,-3.200000000000003,,,,,,,
2000-M-SA-PAN-01A-2000c,20000101,Clay,R32,futures,1,,,-1.5,,,,,,,
2000-M-SA-PAN-01A-2000c,20000101,Clay,R32,futures,0,,,-5.899999999999999,,,,,,,
2000-M-SA-PAN-01A-2000a,20000101,Clay,R32,futures,0,,,4.600000000000001,,,,,,,
2000-M-SA-PAN-01A-2000b,20000101,Clay,QF,futures,1,,,-8.299999999999997,,,,,,,
2000-M-SA-PAN-01A-2000b,20000101,Clay,QF,futures,1,-711.0,65.0,4.300000000000001,,,,,,,
2000-M-SA-PAN-01A-2000b,20000101,Clay,QF,futures,1,-270.0,76.0,13.699999999999996,0.0,,,,,,
2000-M-SA-PAN-01A-2000b,20000101,Clay,QF,futures,1,-578.0,137.0,-3.3000000000000007,,,,,,,
2000-M-SA-PAN-01A-2000b,20000101,Clay,SF,futures,1,-309.0,52.0,4.099999999999998,13.0,,,,,,
2000-M-SA-PAN-01A-2000b,20000101,Clay,SF,futures,0,77.0,-43.0,10.799999999999997,-13.0,,,,,,
2000-M-SA-PAN-01A-2000b,20000101,Clay,F,futures,1,171.0,-79.0,3.1999999999999993,5.0,,,,,,
2000-M-SA-PAN-01A-2000c,20000101,Clay,R32,futures,1,,,-8.600000000000001,,,,,,,
2000-M-SA-PAN-01A-2000c,20000101,Clay,R32,futures,1,-587.0,18.0,0.1999999999999993,,,,,,,
2000-M-SA-PAN-01A-2000c,20000101,Clay,R32,futures,0,,,5.300000000000001,,,,,,,
2000-M-SA-PAN-01A-2000c,20000101,Clay,R32,futures,1,,,-3.6999999999999993,,,,,,,
2000-M-SA-PAN-01A-2000c,20000101,Clay,R32,futures,0,,,13.8,,,,,,,
2000-M-SA-PAN-01A-2000c,20000101,Clay,R32,futures,1,-140.0,13.0,-4.0,0.0,,,,,,
2000-M-SA-PAN-01A-2000c,20000101,Clay,R32,futures,1,288.0,-12.0,1.0,,,,,,,
2000-M-SA-PAN-01A-2000c,20000101,Clay,QF,futures,1,145.0,-30.0,-7.299999999999997,,,,,,,
2000-M-SA-PAN-01A-2000a,20000101,Clay,R32,futures,0,326.0,-13.0,-0.3000000000000007,,,,,,,
2000-M-SA-PAN-01A-2000c,20000101,Clay,QF,futures,0,127.0,-46.0,-11.899999999999999,,,,,,,
2000-M-SA-PAN-01A-2000c,20000101,Clay,SF,futures,1,535.0,-25.0,1.7999999999999972,,,,,,,
2000-M-SA-PAN-01A-2000d,20000101,Clay,R16,futures,0,80.0,-2.0,2.0,,,,,,,
2000-M-SA-PAN-01A-2000d,20000101,Clay,R16,futures,0,271.0,-50.0,-3.5,,,,,,,
2000-M-SA-PAN-01A-2000d,20000101,Clay,R16,futures,0,,,12.600000000000001,,,,,,,
2000-M-SA-PAN-01A-2000d,20000101,Clay,R16,futures,1,143.0,-30.0,-1.7999999999999972,,,,,,,
2000-M-SA-PAN-01A-2000d,20000101,Clay,R16,futures,1,,,12.299999999999997,,,,,,,
2000-M-SA-PAN-01A-2000d,20000101,Clay,R16,futures,0,503.0,-32.0,7.0,,,,,,,
2000-M-SA-PAN-01A-2000d,20000101,Clay,R16,futures,1,-227.0,8.0,-1.8000000000000007,,,,,,,
2000-M-SA-PAN-01A-2000d,20000101,Clay,R16,futures,0,480.0,-131.0,-0.8999999999999986,-8.0,,,,,,
2000-M-SA-PAN-01A-2000d,20000101,Clay,QF,futures,0,31.0,-10.0,1.1999999999999993,,,,,,,
2000-M-SA-PAN-01A-2000d,20000101,Clay,QF,futures,0,-270.0,76.0,13.699999999999996,-0.0,,,,,,
2000-M-SA-PAN-01A-2000d,20000101,Clay,QF,futures,0,300.0,-111.0,-1.8000000000000007,5.0,,,,,,
2000-M-SA-PAN-01A-2000d,20000101,Clay,SF,futures,0,370.0,-56.0,-4.899999999999999,-13.0,,,,,,
2000-M-SA-PAN-01A-2000d,20000101,Clay,SF,futures,0,347.0,-119.0,-2.8999999999999986,-13.0,,,,,,
2000-M-SA-PAN-01A-2000d,20000101,Clay,F,futures,1,-171.0,79.0,-3.1999999999999993,-5.0,,,,,,
2000-M-SA-PAN-01A-2000d,20000101,Clay,QF,futures,0,341.0,-9.0,0.5999999999999979,,,,,,,
2000-M-SA-PAN-01A-2000d,20000101,Clay,R32,futures,0,487.0,-132.0,1.1000000000000014,-13.0,,,,,,
2000-M-SA-PAN-01A-2000d,20000101,Clay,R32,futures,1,-68.0,4.0,2.8000000000000007,,,,,,,
2000-M-SA-PAN-01A-2000d,20000101,Clay,R32,futures,0,,,-8.0,,,,,,,
2000-M-SA-PAN-01A-2000c,20000101,Clay,SF,futures,0,-223.0,68.0,12.599999999999998,-18.0,,,,,,
2000-M-SA-PAN-01A-2000c,20000101,Clay,F,futures,0,582.0,-33.0,0.6999999999999993,,,,,,,
2000-M-SA-PAN-01A-2000d,20000101,Clay,R32,futures,1,785.0,-159.0,-5.099999999999998,,,,,,,
2000-M-SA-PAN-01A-2000d,20000101,Clay,R32,futures,1,,,-3.3000000000000007,,,,,,,
2000-M-SA-PAN-01A-2000d,20000101,Clay,R32,futures,0,-156.0,2.0,-2.099999999999998,,,,,,,
2000-M-SA-PAN-01A-2000d,20000101,Clay,R32,futures,1,631.0,-43.0,-1.5,,,,,,,
2000-M-SA-PAN-01A-2000d,20000101,Clay,R32,futures,1,,,-4.300000000000001,,,,,,,
2000-M-SA-PAN-01A-2000d,20000101,Clay,R32,futures,0,287.0,-13.0,-0.3999999999999986,,,,,,,
2000-M-SA-PAN-01A-2000d,20000101,Clay,R32,futures,0,,,-19.9,,,,,,,
2000-M-SA-PAN-01A-2000d,20000101,Clay,R32,futures,1,-684.0,56.0,6.899999999999999,,,,,,,
2000-M-SA-PAN-01A-2000d,20000101,Clay,R32,futures,1,,,-8.8,,,,,,,
2000-M-SA-PAN-01A-2000d,20000101,Clay,R32,futures,1,,,-3.299999999999997,,,,,,,
2000-M-SA-PAN-01A-2000b,20000101,Clay,R16,futures,0,,,13.7,,,,,,,
2000-M-SA-PAN-01A-2000d,20000101,Clay,R32,futures,0,501.0,-94.0,-7.4999999999999964,,,,,,,
2000-M-SA-PAN-01A-2000d,20000101,Clay,R32,futures,1,,,-6.400000000000002,,,,,,,
2000-M-SA-PAN-01A-2000c,20000101,Clay,QF,futures,0,-300.0,111.0,1.8000000000000007,-5.0,,,,,,
2000-M-SA-PAN-01A-2000a,20000101,Clay,R32,futures,0,238.0,-40.0,0.8000000000000007,,,,,,,
2000-M-SA-PAN-01A-2000d,20000101,Clay,R32,futures,1,,,1.8999999999999986,,,,,,,
2000-M-SA-PAN-01A-2000a,20000101,Clay,R32,futures,1,,,-8.5,,,,,,,
2000-M-SA-PAN-01A-2000a,20000101,Clay,QF,futures,0,-98.0,22.0,6.199999999999999,,,,,,,
2000-M-SA-PAN-01A-2000a,20000101,Clay,SF,futures,1,407.0,-58.0,0.10000000000000142,,,,,,,
2000-M-SA-PAN-01A-2000a,20000101,Clay,SF,futures,0,-223.0,68.0,12.599999999999998,-18.0,,,,,,
2000-M-SA-PAN-01A-2000a,20000101,Clay,F,futures,0,278.0,-26.0,5.100000000000001,,,,,,,
2000-M-SA-PAN-01A-2000b,20000101,Clay,R32,futures,0,,,-10.7,,,,,,,
2000-M-SA-PAN-01A-2000b,20000101,Clay,R32,futures,0,-276.0,42.0,-0.20000000000000284,,,,,,,
2000-M-SA-PAN-01A-2000b,20000101,Clay,R32,futures,1,-39.0,1.0,-0.8000000000000007,,,,,,,
2000-M-SA-PAN-01A-2000b,20000101,Clay,R32,futures,0,61.0,-3.0,-4.800000000000001,,,,,,,
2000-M-SA-PAN-01A-2000a,20000101,Clay,QF,futures,0,270.0,-76.0,-13.699999999999996,-0.0,,,,,,
2000-M-SA-PAN-01A-2000b,20000101,Clay,R32,futures,0,156.0,-2.0,4.299999999999997,,,,,,,
2000-M-SA-PAN-01A-2000b,20000101,Clay,R32,futures,1,-361.0,14.0,-5.5,,,,,,,
2000-M-SA-PAN-01A-2000b,20000101,Clay,R16,futures,0,,,-9.2,,,,,,,
2000-M-SA-PAN-01A-2000b,20000101,Clay,R16,futures,0,-278.0,42.0,5.299999999999997,,,,,,,
2000-M-SA-PAN-01A-2000b,20000101,Clay,R16,futures,0,558.0,-63.0,-3.8999999999999986,,,,,,,
2000-M-SA-PAN-01A-2000b,20000101,Clay,R16,futures,1,395.0,-12.0,-2.200000000000003,,,,,,,
2000-M-SA-PAN-01A-2000b,20000101,Clay,R16,futures,1,-459.0,25.0,0.5,-18.0,,,,,,
2000-M-SA-PAN-01A-2000b,20000101,Clay,R16,futures,0,464.0,-92.0,-12.499999999999996,5.0,,,,,,
2000-M-SA-PAN-01A-2000a,20000101,Clay,R32,futures,0,-37.0,2.0,-5.0,,,,,,,
2000-M-SA-PAN-01A-2000b,20000101,Clay,R32,futures,0,,,-15.399999999999999,,,,,,,
2000-M-SA-PAN-01A-2000a,20000101,Clay,QF,futures,1,-597.0,64.0,3.099999999999998,,,,,,,
2000-M-SA-PAN-01A-2000b,20000101,Clay,R32,futures,1,,,-0.1999999999999993,,,,,,,
2000-M-SA-PAN-01A-2000a,20000101,Clay,R16,futures,0,,,-1.5,,,,,,,
2000-M-SA-PAN-01A-2000a,20000101,Clay,R32,futures,1,,,1.6000000000000014,,,,,,,
2000-M-SA-PAN-01A-2000a,20000101,Clay,QF,futures,1,578.0,-137.0,3.3000000000000007,,,,,,,
2000-M-SA-PAN-01A-2000a,20000101,Clay,R32,futures,1,,,0.0,,,,,,,
2000-M-SA-PAN-01A-2000a,20000101,Clay,R32,futures,1,,,-13.8,,,,,,,
2000-M-SA-PAN-01A-2000a,20000101,Clay,R32,futures,0,,,-10.399999999999999,,,,,,,
2000-M-SA-PAN-01A-2000a,20000101,Clay,R32,futures,1,-475.0,14.0,0.20000000000000284,,,,,,,
2000-M-SA-PAN-01A-2000a,20000101,Clay,R32,futures,0,,,0.09999999999999787,,,,,,,
2000-M-SA-PAN-01A-2000a,20000101,Clay,R32,futures,1,-604.0,55.0,7.799999999999997,,,,,,,
2000-M-SA-PAN-01A-2000a,20000101,Clay,R32,futures,0,,,5.899999999999999,,,,,,,
2000-M-SA-PAN-01A-2000a,20000101,Clay,R32,futures,1,552.0,-42.0,4.800000000000001,,,,,,,
2000-M-SA-PAN-01A-2000a,20000101,Clay,R32,futures,1,,,0.3999999999999986,,,,,,,
2000-M-SA-PAN-01A-2000a,20000101,Clay,R32,futures,0,586.0,-34.0,-0.6999999999999993,-5.0,,,,,,
2000-M-SA-PAN-01A-2000a,20000101,Clay,R16,futures,1,-480.0,131.0,0.8999999999999986,8.0,,,,,,
2000-M-SA-PAN-01A-2000a,20000101,Clay,R16,futures,1,374.0,-48.0,4.400000000000002,,,,,,,
2000-M-SA-PAN-01A-2000a,20000101,Clay,R16,futures,1,-114.0,1.0,1.2000000000000028,,,,,,,
2000-M-SA-PAN-01A-2000a,20000101,Clay,R16,futures,0,558.0,-63.0,-3.8999999999999986,,,,,,,
2000-M-SA-PAN-01A-2000a,20000101,Clay,R16,futures,0,726.0,-100.0,-5.599999999999998,,,,,,,
2000-M-SA-PAN-01A-2000a,20000101,Clay,R16,futures,0,140.0,-13.0,4.0,-0.0,,,,,,
2000-M-SA-PAN-01A-2000a,20000101,Clay,R16,futures,1,,,2.799999999999997,,,,,,,
2000-451,20000103,Hard,R32,main,0,6.0,-42.0,-0.5,-12.0,,,,,,
2000-451,20000103,Hard,R32,main,1,-100.0,714.0,3.0,-5.0,,,,,,
2000-451,20000103,Hard,R32,main,1,-48.0,430.0,-0.1999999999999993,20.0,,,,,,
2000-451,20000103,Hard,R32,main,1,-36.0,318.0,-5.399999999999999,0.0,,,,,,
2000-339,20000103,Hard,F,main,1,21.0,-1177.0,-6.899999999999999,-10.0,,,,,,
2000-451,20000103,Hard,R32,main,1,-49.0,1633.0,-8.600000000000001,3.0,,,,,,
2000-339,20000103,Hard,SF,main,1,-11.0,858.0,2.1999999999999993,2.0,,,,,,
2000-339,20000103,Hard,SF,main,0,12.0,-434.0,4.899999999999999,5.0,,,,,,
2000-451,20000103,Hard,R32,main,1,,,3.6999999999999993,,,,,,,
2000-451,20000103,Hard,R32,main,1,-8.0,5.0,5.699999999999999,-10.0,,,,,,
2000-451,20000103,Hard,R32,main,1,41.0,-412.0,0.0,-7.0,,,,,,
2000-451,20000103,Hard,R16,main,1,-207.0,2257.0,-7.100000000000001,5.0,,,,,,
2000-451,20000103,Hard,R32,main,1,17.0,-208.0,-0.3999999999999986,-8.0,,,,,,
2000-451,20000103,Hard,R32,main,1,-109.0,404.0,-6.800000000000001,-15.0,,,,,,
2000-451,20000103,Hard,R32,main,0,50.0,-520.0,-1.3999999999999986,-8.0,,,,,,
2000-451,20000103,Hard,R32,main,0,6.0,-78.0,-5.899999999999999,-10.0,,,,,,
2000-451,20000103,Hard,R32,main,0,233.0,-745.0,8.299999999999997,-2.0,,,,,,
2000-451,20000103,Hard,R32,main,1,-27.0,173.0,1.1999999999999993,16.0,,,,,,
2000-451,20000103,Hard,R32,main,1,48.0,-797.0,-0.3999999999999986,-5.0,,,,,,
2000-451,20000103,Hard,R16,main,1,-8.0,101.0,-1.1000000000000014,10.0,,,,,,
2000-451,20000103,Hard,R16,main,0,35.0,-378.0,-3.3000000000000007,7.0,,,,,,
2000-339,20000103,Hard,QF,main,0,-25.0,925.0,1.6000000000000014,-0.0,,,,,,
2000-451,20000103,Hard,R32,main,1,181.0,-820.0,3.299999999999997,5.0,,,,,,
2000-339,20000103,Hard,QF,main,0,55.0,-867.0,10.899999999999999,5.0,,,,,,
2000-339,20000103,Hard,R32,main,1,-119.0,356.0,0.9000000000000021,18.0,,,,,,
2000-339,20000103,Hard,QF,main,1,-23.0,1308.0,4.199999999999999,15.0,,,,,,
2000-339,20000103,Hard,R32,main,0,52.0,-1801.0,-3.6999999999999993,-17.0,,,,,,
2000-339,20000103,Hard,R32,main,1,-27.0,224.0,-6.5,-5.0,,,,,,
2000-339,20000103,Hard,R32,main,0,47.0,-354.0,6.199999999999999,-0.0,,,,,,
2000-339,20000103,Hard,R32,main,0,27.0,-453.0,2.1000000000000014,5.0,,,,,,
2000-339,20000103,Hard,R32,main,0,139.0,-1451.0,2.0,-10.0,,,,,,
2000-451,20000103,Hard,R16,main,0,-20.0,214.0,1.6999999999999993,-10.0,,,,,,
2000-339,20000103,Hard,R32,main,1,50.0,-177.0,-11.3,0.0,,,,,,
2000-339,20000103,Hard,R32,main,1,37.0,-737.0,-4.099999999999998,-8.0,,,,,,
2000-339,20000103,Hard,R32,main,0,105.0,-1067.0,15.400000000000002,8.0,,,,,,
2000-339,20000103,Hard,R32,main,1,78.0,-171.0,-6.900000000000002,,,,,,,
2000-339,20000103,Hard,R32,main,1,141.0,-352.0,1.0,5.0,,,,,,
2000-339,20000103,Hard,QF,main,0,42.0,-943.0,-2.1999999999999993,-13.0,,,,,,
2000-339,20000103,Hard,R32,main,0,-59.0,937.0,-7.800000000000001,-2.0,,,,,,
2000-339,20000103,Hard,R32,main,0,14.0,-182.0,-8.600000000000001,10.0,,,,,,
2000-339,20000103,Hard,R32,main,0,213.0,-233.0,8.8,17.0,,,,,,
2000-339,20000103,Hard,R32,main,1,-204.0,1732.0,0.8000000000000007,-5.0,,,,,,
2000-339,20000103,Hard,R16,main,0,60.0,-1857.0,-7.399999999999999,-5.0,,,,,,
2000-339,20000103,Hard,R16,main,0,31.0,-495.0,1.0,15.0,,,,,,
2000-339,20000103,Hard,R16,main,0,63.0,-1176.0,6.100000000000001,8.0,,,,,,
2000-339,20000103,Hard,R16,main,0,87.0,-480.0,1.8999999999999986,5.0,,,,,,
2000-339,20000103,Hard,R16,main,0,180.0,-1231.0,2.8999999999999986,,,,,,,
2000-339,20000103,Hard,R16,main,0,150.0,-383.0,-5.399999999999999,-2.0,,,,,,
2000-339,20000103,Hard,R16,main,0,26.0,-232.0,5.600000000000001,-2.0,,,,,,
2000-339,20000103,Hard,R16,main,0,126.0,-1584.0,-5.100000000000001,-12.0,,,,,,
2000-339,20000103,Hard,R32,main,0,617.0,-971.0,-3.1999999999999993,-2.0,,,,,,
2000-451,20000103,Hard,R16,main,1,-138.0,376.0,-1.5999999999999979,5.0,,,,,,
2000-451,20000103,Hard,QF,main,0,26.0,-244.0,-1.2000000000000028,16.0,,,,,,
2000-451,20000103,Hard,R16,main,1,5.0,-72.0,-5.099999999999998,-10.0,,,,,,
2000-891,20000103,Hard,R16,main,0,-22.0,98.0,-8.5,-8.0,,,,,,
2000-891,20000103,Hard,R16,main,0,-4.0,10.0,-3.1999999999999993,-0.0,,,,,,
2000-891,20000103,Hard,R16,main,0,-9.0,22.0,2.8999999999999986,5.0,,,,,,
2000-891,20000103,Hard,R16,main,0,-47.0,127.0,5.5,7.0,,,,,,
2000-891,20000103,Hard,R16,main,1,-91.0,654.0,3.5,-5.0,,,,,,
2000-891,20000103,Hard,R16,main,0,,,7.700000000000003,-8.0,,,,,,
2000-891,20000103,Hard,R16,main,0,8.0,-25.0,-4.899999999999999,-15.0,,,,,,
2000-891,20000103,Hard,R32,main,0,407.0,-1739.0,-10.8,-8.0,,,,,,
2000-891,20000103,Hard,R32,main,0,-9.0,16.0,-0.8000000000000007,12.0,,,,,,
2000-891,20000103,Hard,R32,main,1,20.0,-90.0,2.0,3.0,,,,,,
2000-891,20000103,Hard,R32,main,1,-18.0,89.0,-10.2,5.0,,,,,,
2000-451,20000103,Hard,R16,main,0,39.0,-428.0,-7.199999999999999,-18.0,,,,,,
2000-891,20000103,Hard,R32,main,0,79.0,-109.0,1.0,,,,,,,
2000-891,20000103,Hard,R32,main,0,6.0,-18.0,-1.8999999999999986,8.0,,,,,,
2000-891,20000103,Hard,R32,main,0,-41.0,172.0,5.0,-8.0,,,,,,
2000-891,20000103,Hard,R32,main,0,-96.0,470.0,7.5,-3.0,,,,,,
2000-891,20000103,Hard,R32,main,0,225.0,-295.0,-1.5,-10.0,,,,,,
2000-891,20000103,Hard,R32,main,1,23.0,-86.0,-2.400000000000002,5.0,,,,,,
2000-891,20000103,Hard,R32,main,0,166.0,-814.0,-2.1999999999999993,-8.0,,,,,,
2000-891,20000103,Hard,R32,main,0,1103.0,-489.0,-18.400000000000002,,,,,,,
2000-891,20000103,Hard,R32,main,0,,,-6.399999999999999,-18.0,,,,,,
2000-891,20000103,Hard,R32,main,1,4.0,-9.0,1.3000000000000007,12.0,,,,,,
2000-891,20000103,Hard,R32,main,1,121.0,-3091.0,-5.5,-15.0,,,,,,
2000-891,20000103,Hard,R16,main,1,-129.0,1488.0,4.0,10.0,,,,,,
2000-891,20000103,Hard,QF,main,0,,,-2.1999999999999993,2.0,,,,,,
2000-891,20000103,Hard,R32,main,0,-32.0,79.0,2.599999999999998,8.0,,,,,,
2000-891,20000103,Hard,QF,main,0,36.0,-95.0,2.6999999999999993,-3.0,,,,,,
2000-451,20000103,Hard,SF,main,1,28.0,-1392.0,4.600000000000001,-5.0,,,,,,
2000-451,20000103,Hard,QF,main,1,-46.0,504.0,0.3999999999999986,8.0,,,,,,
2000-451,20000103,Hard,QF,main,1,-47.0,494.0,2.3000000000000007,-5.0,,,,,,
2000-451,20000103,Hard,QF,main,1,-38.0,1497.0,-0.8000000000000007,-10.0,,,,,,
2000-451,20000103,Hard,R16,main,1,4.0,-24.0,-2.400000000000002,21.0,,,,,,
2000-451,20000103,Hard,SF,main,1,15.0,-187.0,-4.599999999999998,-13.0,,,,,,
2000-891,20000103,Hard,QF,main,0,126.0,-749.0,-3.5,-10.0,,,,,,
2000-891,20000103,Hard,F,main,0,93.0,-657.0,-4.099999999999998,-0.0,,,,,,
2000-891,20000103,Hard,SF,main,0,-115.0,1447.0,8.399999999999999,-0.0,,,,,,
2000-891,20000103,Hard,SF,main,1,,,-1.1999999999999993,0.0,,,,,,
2000-891,20000103,Hard,QF,main,1,-107.0,1426.0,3.1999999999999993,0.0,,,,,,
2000-451,20000103,Hard,F,main,0,14.0,-174.0,-3.3999999999999986,2.0,,,,,,
2000-M-FU-IND-01A-2000,20000110,Clay,SF,futures,1,-54.0,3.0,-1.4000000000000021,,,,,,,
2000-M-FU-IND-01A-2000,20000110,Clay,QF,futures,1,222.0,-23.0,1.2000000000000028,,,,,,,
2000-M-FU-IND-01A-2000,20000110,Clay,QF,futures,0,-87.0,8.0,-1.8999999999999986,,,,,,,
2000-M-FU-IND-01A-2000,20000110,Clay,F,futures,0,333.0,-58.0,-0.40000000000000213,-0.0,,,,,,
2000-M-FU-IND-01A-2000,20000110,Clay,SF,futures,0,8.0,-2.0,-1.4000000000000021,-8.0,,,,,,
2000-M-FU-IND-01A-2000,20000110,Clay,QF,futures,0,296.0,-54.0,6.100000000000001,,,,,,,
2000-M-SA-ESP-01A-2000a,20000110,Clay,R32,futures,1,-93.0,28.0,0.6000000000000014,-10.0,,,,,,
2000-M-FU-IND-01A-2000,20000110,Clay,R16,futures,0,215.0,-7.0,-1.6000000000000014,,,,,,,
2000-M-FU-IND-01A-2000,20000110,Clay,R16,futures,0,161.0,-20.0,2.200000000000003,,,,,,,
2000-M-FU-IND-01A-2000,20000110,Clay,R16,futures,0,191.0,-14.0,7.399999999999999,,,,,,,
2000-M-FU-IND-01A-2000,20000110,Clay,R16,futures,0,1.0,-0.0,-0.3999999999999986,,,,,,,
2000-M-FU-IND-01A-2000,20000110,Clay,R16,futures,0,-370.0,52.0,-8.5,,,,,,,
2000-M-FU-IND-01A-2000,20000110,Clay,R16,futures,0,437.0,-64.0,-0.20000000000000284,,,,,,,
2000-M-FU-IND-01A-2000,20000110,Clay,R16,futures,1,-663.0,68.0,-3.1000000000000014,,,,,,,
2000-M-FU-IND-01A-2000,20000110,Clay,R16,futures,1,-210.0,10.0,2.5,,,,,,,
2000-M-FU-IND-01A-2000,20000110,Clay,R32,futures,0,-419.0,74.0,4.899999999999999,,,,,,,
2000-M-FU-IND-01A-2000,20000110,Clay,R32,futures,1,109.0,-3.0,0.6000000000000014,,,,,,,
2000-M-FU-IND-01A-2000,20000110,Clay,R32,futures,0,111.0,-6.0,-0.8000000000000007,,,,,,,
2000-M-FU-IND-01A-2000,20000110,Clay,QF,futures,1,-405.0,62.0,-10.399999999999999,-2.0,,,,,,
2000-M-SA-ESP-01A-2000a,20000110,Clay,R32,futures,1,,,4.100000000000001,,,,,,,
2000-M-SA-ESP-01A-2000a,20000110,Clay,R32,futures,1,494.0,-215.0,-7.899999999999999,-12.0,,,,,,
2000-M-SA-ESP-01A-2000a,20000110,Clay,R32,futures,1,-78.0,84.0,2.3000000000000007,-2.0,,,,,,
2000-M-SA-ESP-01A-2000a,20000110,Clay,R16,futures,0,,,-9.099999999999998,,,,,,,
2000-M-SA-ESP-01A-2000a,20000110,Clay,R16,futures,1,-664.0,133.0,3.700000000000003,,,,,,,
2000-M-SA-ESP-01A-2000a,20000110,Clay,R16,futures,1,96.0,-20.0,3.099999999999998,,,,,,,
2000-M-SA-ESP-01A-2000a,20000110,Clay,R16,futures,0,-36.0,3.0,0.29999999999999716,,,,,,,
2000-M-SA-ESP-01A-2000a,20000110,Clay,R16,futures,1,-780.0,171.0,4.300000000000001,8.0,,,,,,
2000-M-SA-ESP-01A-2000a,20000110,Clay,R16,futures,1,-311.0,174.0,7.399999999999999,-15.0,,,,,,
2000-M-SA-ESP-01A-2000a,20000110,Clay,R16,futures,1,281.0,-61.0,0.6000000000000014,,,,,,,
2000-M-SA-ESP-01A-2000a,20000110,Clay,R32,futures,1,,,9.100000000000001,-5.0,,,,,,
2000-M-SA-ESP-01A-2000a,20000110,Clay,R32,futures,1,,,1.0,,,,,,,
2000-M-SA-ESP-01A-2000a,20000110,Clay,R32,futures,1,88.0,-14.0,1.4000000000000021,,,,,,,
2000-M-SA-ESP-01A-2000a,20000110,Clay,R32,futures,1,-263.0,195.0,5.5,7.0,,,,,,
2000-M-SA-ESP-01A-2000a,20000110,Clay,R32,futures,0,558.0,-130.0,-1.5,,,,,,,
2000-M-SA-ESP-01A-2000a,20000110,Clay,R32,futures,1,455.0,-46.0,-7.100000000000001,,,,,,,
2000-M-SA-ESP-01A-2000a,20000110,Clay,R32,futures,0,-202.0,53.0,1.2000000000000028,,,,,,,
2000-M-SA-ESP-01A-2000a,20000110,Clay,R32,futures,1,162.0,-56.0,1.5,2.0,,,,,,
2000-M-SA-ESP-01A-2000a,20000110,Clay,R32,futures,1,-89.0,8.0,0.6999999999999993,,,,,,,
2000-M-SA-ESP-01A-2000a,20000110,Clay,R32,futures,1,,,-0.6000000000000014,,,,,,,
2000-M-SA-ESP-01A-2000a,20000110,Clay,R32,futures,1,-138.0,90.0,-3.400000000000002,3.0,,,,,,
2000-M-SA-ESP-01A-2000a,20000110,Clay,R32,futures,0,,,7.5,,,,,,,
2000-M-FU-IND-01A-2000,20000110,Clay,R32,futures,0,-89.0,18.0,0.10000000000000142,,,,,,,
2000-M-FU-FRA-01A-2000,20000110,Clay,R32,futures,0,-686.0,76.0,6.600000000000001,,,,,,,
2000-M-FU-IND-01A-2000,20000110,Clay,R32,futures,1,-57.0,1.0,6.899999999999999,,,,,,,
2000-M-FU-FRA-01A-2000,20000110,Clay,R16,futures,0,203.0,-55.0,-5.0,,,,,,,
2000-M-FU-FRA-01A-2000,20000110,Clay,R16,futures,0,-861.0,190.0,6.600000000000001,-2.0,,,,,,
2000-M-FU-FRA-01A-2000,20000110,Clay,R32,futures,0,-109.0,58.0,-1.0,-10.0,,,,,,
2000-M-FU-FRA-01A-2000,20000110,Clay,R32,futures,0,3.0,-1.0,0.3000000000000007,,,,,,,
2000-M-FU-FRA-01A-2000,20000110,Clay,R32,futures,1,,,-6.199999999999999,,,,,,,
2000-M-FU-FRA-01A-2000,20000110,Clay,R32,futures,0,217.0,-68.0,4.800000000000001,3.0,,,,,,
2000-M-FU-FRA-01A-2000,20000110,Clay,R32,futures,0,654.0,-134.0,-12.8,,,,,,,
2000-M-FU-FRA-01A-2000,20000110,Clay,R32,futures,0,218.0,-45.0,5.800000000000001,,,,,,,
2000-M-FU-FRA-01A-2000,20000110,Clay,R16,futures,0,244.0,-79.0,-3.1999999999999993,,,,,,,
2000-M-FU-FRA-01A-2000,20000110,Clay,R32,futures,1,134.0,-27.0,-4.099999999999998,,,,,,,
2000-M-FU-FRA-01A-2000,20000110,Clay,R32,futures,0,487.0,-84.0,1.1999999999999993,5.0,,,,,,
2000-M-FU-FRA-01A-2000,20000110,Clay,R32,futures,0,308.0,-35.0,-5.599999999999998,,,,,,,
2000-M-FU-FRA-01A-2000,20000110,Clay,R32,futures,0,-63.0,13.0,1.8999999999999986,,,,,,,
2000-M-FU-FRA-01A-2000,20000110,Clay,R32,futures,0,282.0,-85.0,-7.0,8.0,,,,,,
2000-M-FU-FRA-01A-2000,20000110,Clay,R32,futures,0,972.0,-90.0,-1.6000000000000014,,,,,,,
2000-M-FU-FRA-01A-2000,20000110,Clay,R32,futures,0,542.0,-32.0,-3.900000000000002,,,,,,,
2000-M-SA-ESP-01A-2000a,20000110,Clay,R16,futures,1,-469.0,311.0,5.399999999999999,,,,,,,
2000-M-FU-FRA-01A-2000,20000110,Clay,R32,futures,0,734.0,-187.0,-2.3000000000000007,,,,,,,
2000-M-FU-FRA-01A-2000,20000110,Clay,R32,futures,0,246.0,-72.0,-1.0,,,,,,,
2000-M-FU-FRA-01A-2000,20000110,Clay,R16,futures,0,-160.0,48.0,-6.199999999999999,,,,,,,
2000-M-FU-FRA-01A-2000,20000110,Clay,R16,futures,0,-280.0,77.0,3.3000000000000007,5.0,,,,,,
2000-M-FU-FRA-01A-2000,20000110,Clay,R16,futures,1,141.0,-71.0,-11.2,5.0,,,,,,
2000-M-FU-IND-01A-2000,20000110,Clay,R32,futures,0,-242.0,34.0,1.0,,,,,,,
2000-M-FU-IND-01A-2000,20000110,Clay,R32,futures,0,-265.0,40.0,4.5,,,,,,,
2000-M-FU-IND-01A-2000,20000110,Clay,R32,futures,1,,,5.100000000000001,,,,,,,
2000-M-FU-IND-01A-2000,20000110,Clay,R32,futures,1,-208.0,6.0,12.2,5.0,,,,,,
2000-M-FU-IND-01A-2000,20000110,Clay,R32,futures,1,-24.0,0.0,1.0,,,,,,,
2000-M-FU-IND-01A-2000,20000110,Clay,R32,futures,0,96.0,-25.0,4.099999999999998,-8.0,,,,,,
2000-M-FU-IND-01A-2000,20000110,Clay,R32,futures,1,-451.0,62.0,0.0,,,,,,,
2000-M-FU-IND-01A-2000,20000110,Clay,R32,futures,1,11.0,0.0,1.1000000000000014,,,,,,,
2000-M-FU-IND-01A-2000,20000110,Clay,R32,futures,0,356.0,-14.0,-6.600000000000001,,,,,,,
2000-M-FU-IND-01A-2000,20000110,Clay,R32,futures,0,,,-6.900000000000002,23.0,,,,,,
2000-M-FU-FRA-01A-2000,20000110,Clay,F,futures,1,-13.0,5.0,4.900000000000002,5.0,,,,,,
2000-M-FU-FRA-01A-2000,20000110,Clay,SF,futures,1,-229.0,56.0,0.5999999999999979,5.0,,,,,,
2000-M-FU-FRA-01A-2000,20000110,Clay,SF,futures,0,151.0,-45.0,-3.400000000000002,,,,,,,
2000-M-FU-FRA-01A-2000,20000110,Clay,QF,futures,0,-47.0,20.0,-0.5999999999999979,-5.0,,,,,,
2000-M-FU-FRA-01A-2000,20000110,Clay,QF,futures,0,-192.0,41.0,-1.8000000000000007,10.0,,,,,,
2000-M-FU-FRA-01A-2000,20000110,Clay,QF,futures,1,206.0,-71.0,-1.4000000000000021,,,,,,,
2000-M-FU-FRA-01A-2000,20000110,Clay,QF,futures,1,-712.0,87.0,9.8,5.0,,,,,,
2000-M-FU-FRA-01A-2000,20000110,Clay,R16,futures,1,-107.0,32.0,0.3999999999999986,,,,,,,
2000-M-FU-FRA-01A-2000,20000110,Clay,R16,futures,0,390.0,-89.0,-3.8000000000000007,-2.0,,,,,,
2000-M-FU-IND-01A-2000,20000110,Clay,R32,futures,1,245.0,-50.0,-4.099999999999998,,,,,,,
2000-M-SA-ESP-01A-2000a,20000110,Clay,QF,futures,0,463.0,-198.0,-3.599999999999998,,,,,,,
2000-338,20000110,Hard,R32,main,1,-86.0,489.0,8.5,17.0,0.0,0.40000000000000013,0.02026266416510325,-0.004918032786885296,-0.3062650602409639,-0.32440476190476186
2000-M-SA-ESP-01A-2000a,20000110,Clay,QF,futures,0,299.0,-106.0,1.2999999999999972,,,,,,,
2000-M-SA-ESP-01A-2000c,20000110,Clay,SF,futures,0,85.0,-161.0,-5.300000000000001,10.0,,,,,,
2000-M-SA-ESP-01A-2000c,20000110,Clay,SF,futures,1,-41.0,30.0,3.3000000000000007,-15.0,,,,,,
2000-M-SA-ESP-01A-2000c,20000110,Clay,F,futures,0,124.0,-198.0,-5.399999999999999,-0.0,,,,,,
2000-M-SA-ESP-01A-2000d,20000110,Clay,R32,futures,1,232.0,-255.0,-4.0,7.0,,,,,,
2000-M-SA-ESP-01A-2000d,20000110,Clay,R32,futures,0,168.0,-30.0,-6.100000000000001,,,,,,,
2000-M-SA-ESP-01A-2000d,20000110,Clay,R32,futures,0,,,2.599999999999998,,,,,,,
2000-M-SA-ESP-01A-2000d,20000110,Clay,R32,futures,1,199.0,-82.0,-5.099999999999998,15.0,,,,,,
2000-M-SA-ESP-01A-2000d,20000110,Clay,R32,futures,0,275.0,-165.0,-4.800000000000001,17.0,,,,,,
2000-M-SA-ESP-01A-2000d,20000110,Clay,R32,futures,0,,,-0.0,,,,,,,
2000-M-SA-ESP-01A-2000d,20000110,Clay,R32,futures,0,-103.0,18.0,3.6999999999999993,,,,,,,
2000-M-SA-ESP-01A-2000d,20000110,Clay,R32,futures,1,,,4.5,,,,,,,
2000-M-SA-ESP-01A-2000d,20000110,Clay,R32,futures,1,-97.0,53.0,-2.5,,,,,,,
2000-M-SA-ESP-01A-2000d,20000110,Clay,R32,futures,0,321.0,-36.0,0.3000000000000007,,,,,,,
2000-M-SA-ESP-01A-2000d,20000110,Clay,R32,futures,0,-77.0,20.0,-3.799999999999997,,,,,,,
2000-M-SA-ESP-01A-2000d,20000110,Clay,R32,futures,1,,,7.0,,,,,,,
2000-M-SA-ESP-01A-2000d,20000110,Clay,R32,futures,1,-675.0,104.0,-2.099999999999998,,,,,,,
2000-M-SA-ESP-01A-2000d,20000110,Clay,R32,futures,0,243.0,-27.0,0.10000000000000142,,,,,,,
2000-M-SA-ESP-01A-2000d,20000110,Clay,R32,futures,0,-16.0,6.0,-1.4000000000000021,,,,,,,
2000-M-SA-ESP-01A-2000d,20000110,Clay,R32,futures,0,263.0,-195.0,-5.5,-7.0,,,,,,
2000-M-SA-ESP-01A-2000c,20000110,Clay,QF,futures,1,-160.0,55.0,-4.099999999999998,-2.0,,,,,,
2000-M-SA-ESP-01A-2000d,20000110,Clay,R16,futures,1,-101.0,30.0,-2.0,2.0,,,,,,
2000-M-SA-ESP-01A-2000c,20000110,Clay,QF,futures,1,-377.0,117.0,2.700000000000003,,,,,,,
2000-M-SA-ESP-01A-2000c,20000110,Clay,QF,futures,1,-128.0,202.0,2.1000000000000014,-2.0,,,,,,
2000-M-SA-ESP-01A-2000c,20000110,Clay,R32,futures,0,619.0,-81.0,-3.700000000000003,,,,,,,
2000-M-SA-ESP-01A-2000c,20000110,Clay,R32,futures,1,,,2.0,,,,,,,
2000-M-SA-ESP-01A-2000c,20000110,Clay,R32,futures,0,296.0,-136.0,-1.5,-0.0,,,,,,
2000-M-SA-ESP-01A-2000c,20000110,Clay,R32,futures,1,-99.0,53.0,-3.5,-7.0,,,,,,
2000-M-SA-ESP-01A-2000c,20000110,Clay,R32,futures,0,180.0,-31.0,-1.3999999999999986,,,,,,,
2000-M-SA-ESP-01A-2000c,20000110,Clay,R32,futures,0,-294.0,70.0,4.800000000000001,,,,,,,
2000-M-SA-ESP-01A-2000a,20000110,Clay,QF,futures,0,452.0,-157.0,-3.099999999999998,-5.0,,,,,,
2000-M-SA-ESP-01A-2000c,20000110,Clay,R32,futures,0,,,1.1999999999999993,,,,,,,
2000-M-SA-ESP-01A-2000c,20000110,Clay,R32,futures,0,328.0,-14.0,-1.2000000000000028,-3.0,,,,,,
2000-M-SA-ESP-01A-2000c,20000110,Clay,R32,futures,1,-34.0,9.0,-2.0,,,,,,,
2000-M-SA-ESP-01A-2000c,20000110,Clay,R32,futures,0,332.0,-211.0,-7.099999999999998,3.0,,,,,,
2000-M-SA-ESP-01A-2000c,20000110,Clay,R16,futures,0,,,-7.5,,,,,,,
2000-M-SA-ESP-01A-2000c,20000110,Clay,R16,futures,1,-341.0,109.0,3.299999999999997,,,,,,,
2000-M-SA-ESP-01A-2000c,20000110,Clay,R16,futures,1,-171.0,133.0,3.099999999999998,,,,,,,
2000-M-SA-ESP-01A-2000c,20000110,Clay,R16,futures,1,-242.0,123.0,1.8999999999999986,-7.0,,,,,,
2000-M-SA-ESP-01A-2000c,20000110,Clay,R16,futures,1,-209.0,87.0,-3.3999999999999986,-5.0,,,,,,
2000-M-SA-ESP-01A-2000c,20000110,Clay,R16,futures,1,-89.0,8.0,0.6999999999999993,,,,,,,
2000-M-SA-ESP-01A-2000c,20000110,Clay,R16,futures,0,372.0,-90.0,0.3000000000000007,-10.0,,,,,,
2000-M-SA-ESP-01A-2000c,20000110,Clay,R16,futures,0,-296.0,202.0,4.5,-5.0,,,,,,
2000-M-SA-ESP-01A-2000c,20000110,Clay,QF,futures,1,35.0,-43.0,-5.5,10.0,,,,,,
2000-M-SA-ESP-01A-2000c,20000110,Clay,R32,futures,1,-182.0,137.0,4.199999999999999,-7.0,,,,,,
2000-M-SA-ESP-01A-2000d,20000110,Clay,R16,futures,1,,,2.0,,,,,,,
2000-M-SA-ESP-01A-2000d,20000110,Clay,R16,futures,0,384.0,-150.0,-0.09999999999999787,,,,,,,
2000-M-FU-USA-01A-2000,20000110,Hard,R32,futures,0,21.0,-10.0,-8.099999999999998,-5.0,,,,,,
2000-M-FU-USA-01A-2000,20000110,Hard,R32,futures,0,-139.0,8.0,-2.3999999999999986,-20.0,,,,,,
2000-M-FU-USA-01A-2000,20000110,Hard,R32,futures,0,8.0,-3.0,-1.5,-3.0,,,,,,
2000-M-FU-USA-01A-2000,20000110,Hard,R32,futures,1,-164.0,86.0,10.5,-5.0,,,,,,
2000-M-FU-USA-01A-2000,20000110,Hard,R16,futures,1,-537.0,173.0,1.5,,,,,,,
2000-M-FU-USA-01A-2000,20000110,Hard,R16,futures,0,-36.0,16.0,1.8000000000000007,,,,,,,
2000-M-FU-USA-01A-2000,20000110,Hard,R16,futures,1,116.0,-59.0,0.5,-13.0,,,,,,
2000-M-FU-USA-01A-2000,20000110,Hard,R16,futures,1,,,-7.0,0.0,,,,,,
2000-M-FU-USA-01A-2000,20000110,Hard,R16,futures,1,-192.0,61.0,-0.10000000000000142,5.0,,,,,,
2000-M-FU-USA-01A-2000,20000110,Hard,R16,futures,1,98.0,-55.0,2.099999999999998,,,,,,,
2000-M-FU-USA-01A-2000,20000110,Hard,R16,futures,0,-520.0,94.0,2.5,3.0,,,,,,
2000-M-FU-USA-01A-2000,20000110,Hard,R16,futures,1,-125.0,70.0,8.0,0.0,,,,,,
2000-M-FU-USA-01A-2000,20000110,Hard,QF,futures,0,176.0,-110.0,3.3000000000000007,5.0,,,,,,
2000-M-FU-USA-01A-2000,20000110,Hard,QF,futures,0,,,-1.8999999999999986,8.0,,,,,,
2000-M-FU-USA-01A-2000,20000110,Hard,QF,futures,0,-28.0,12.0,-5.199999999999999,,,,,,,
2000-M-FU-USA-01A-2000,20000110,Hard,QF,futures,0,607.0,-149.0,-4.800000000000001,2.0,,,,,,
2000-M-FU-USA-01A-2000,20000110,Hard,SF,futures,0,183.0,-113.0,3.8000000000000007,-5.0,,,,,,
2000-M-FU-USA-01A-2000,20000110,Hard,SF,futures,1,-118.0,68.0,7.300000000000001,,,,,,,
2000-M-FU-USA-01A-2000,20000110,Hard,F,futures,0,24.0,-28.0,9.600000000000001,-2.0,,,,,,
2000-M-FU-USA-01A-2000,20000110,Hard,R32,futures,1,-181.0,84.0,2.1000000000000014,-10.0,,,,,,
2000-M-SA-ESP-01A-2000d,20000110,Clay,R16,futures,1,-738.0,213.0,9.3,,,,,,,
2000-M-FU-USA-01A-2000,20000110,Hard,R32,futures,1,-212.0,56.0,3.1999999999999993,,,,,,,
2000-M-FU-USA-01A-2000,20000110,Hard,R32,futures,1,-418.0,89.0,-2.3000000000000007,,,,,,,
2000-M-SA-ESP-01A-2000d,20000110,Clay,R16,futures,0,237.0,-94.0,-1.8000000000000007,15.0,,,,,,
2000-M-SA-ESP-01A-2000d,20000110,Clay,R16,futures,1,-316.0,189.0,2.1000000000000014,,,,,,,
2000-M-SA-ESP-01A-2000d,20000110,Clay,R16,futures,0,216.0,-69.0,1.8999999999999986,-5.0,,,,,,
2000-M-SA-ESP-01A-2000d,20000110,Clay,R16,futures,0,194.0,-170.0,-1.7999999999999972,-5.0,,,,,,
2000-M-SA-ESP-01A-2000d,20000110,Clay,QF,futures,1,-95.0,29.0,3.1999999999999993,-10.0,,,,,,
2000-M-SA-ESP-01A-2000d,20000110,Clay,QF,futures,0,-35.0,43.0,5.5,-10.0,,,,,,
2000-M-SA-ESP-01A-2000d,20000110,Clay,QF,futures,1,-81.0,95.0,4.899999999999999,17.0,,,,,,
2000-M-SA-ESP-01A-2000d,20000110,Clay,QF,futures,0,136.0,-147.0,-8.599999999999998,3.0,,,,,,
2000-M-SA-ESP-01A-2000d,20000110,Clay,SF,futures,0,-147.0,94.0,-1.3000000000000007,3.0,,,,,,
2000-M-SA-ESP-01A-2000d,20000110,Clay,SF,futures,1,14.0,-22.0,-0.3999999999999986,5.0,,,,,,
2000-M-SA-ESP-01A-2000d,20000110,Clay,F,futures,0,-189.0,152.0,3.5,10.0,,,,,,
2000-M-FU-USA-01A-2000,20000110,Hard,R32,futures,1,,,-13.0,5.0,,,,,,
2000-M-FU-USA-01A-2000,20000110,Hard,R32,futures,0,-365.0,65.0,3.200000000000003,,,,,,,
2000-M-FU-USA-01A-2000,20000110,Hard,R32,futures,0,,,-4.899999999999999,,,,,,,
2000-M-FU-USA-01A-2000,20000110,Hard,R32,futures,1,30.0,-11.0,6.600000000000001,,,,,,,
2000-M-FU-USA-01A-2000,20000110,Hard,R32,futures,0,189.0,-42.0,-4.599999999999998,,,,,,,
2000-M-FU-USA-01A-2000,20000110,Hard,R32,futures,0,61.0,-37.0,-2.0,-13.0,,,,,,
2000-M-FU-USA-01A-2000,20000110,Hard,R32,futures,0,,,0.09999999999999787,-8.0,,,,,,
2000-M-FU-USA-01A-2000,20000110,Hard,R32,futures,1,219.0,-77.0,3.400000000000002,8.0,,,,,,
2000-M-FU-USA-01A-2000,20000110,Hard,R32,futures,0,-100.0,27.0,0.1999999999999993,7.0,,,,,,
2000-M-SA-ESP-01A-2000c,20000110,Clay,R32,futures,1,-164.0,74.0,3.5,-3.0,,,,,,
2000-M-SA-ESP-01A-2000c,20000110,Clay,R32,futures,0,-547.0,220.0,8.3,7.0,,,,,,
2000-M-SA-ESP-01A-2000c,20000110,Clay,R32,futures,1,,,2.1999999999999993,,,,,,,
2000-301,20000110,Hard,R32,main,0,7.0,-54.0,-6.300000000000001,-21.0,,,,,,
2000-301,20000110,Hard,R32,main,1,10.0,-100.0,-3.3000000000000007,-3.0,,,,,,
2000-301,20000110,Hard,R32,main,1,-23.0,208.0,-7.099999999999998,-6.0,0.0,-0.5476190476190479,-0.14353111957902376,0.17807486631016034,0.04846491228070171,-0.09999999999999998
2000-301,20000110,Hard,R32,main,1,-135.0,1247.0,-2.8999999999999986,8.0,,,,,,
2000-301,20000110,Hard,R16,main,0,-200.0,1455.0,-2.8000000000000007,-2.0,,,,,,
2000-301,20000110,Hard,R16,main,1,-3.0,42.0,-1.4000000000000021,8.0,,,,,,
2000-301,20000110,Hard,R16,main,1,-117.0,503.0,0.5,-5.0,,,,,,
2000-301,20000110,Hard,R16,main,0,-17.0,159.0,-8.3,-5.0,,,,,,
2000-301,20000110,Hard,R16,main,0,78.0,-499.0,1.6999999999999993,-0.0,-0.16666666666666663,-0.24675324675324684,0.11294452347083928,-0.11332070707070707,0.07529239766081869,0.02941176470588236
2000-301,20000110,Hard,R16,main,0,-34.0,278.0,3.8000000000000007,15.0,-0.5,-0.08333333333333337,-0.05729166666666663,-0.10897435897435903,-0.04230769230769227,-0.06993006993007
2000-301,20000110,Hard,R16,main,1,-20.0,176.0,5.400000000000002,16.0,,,,,,
2000-301,20000110,Hard,R16,main,1,-43.0,815.0,1.0,-2.0,0.25,-1.1607142857142856,0.0579254079254079,-0.07185155941571253,-0.13997747747747746,0.12941176470588234
2000-M-SA-ESP-01A-2000c,20000110,Clay,R32,futures,1,187.0,-39.0,1.0,,,,,,,
2000-301,20000110,Hard,QF,main,1,-10.0,96.0,-5.199999999999999,-10.0,,,,,,
2000-301,20000110,Hard,QF,main,1,35.0,-290.0,-2.3000000000000007,-18.0,-0.16666666666666663,-0.06818181818181823,0.08771929824561397,-0.033993783993783944,-0.043803418803418814,0.11538461538461542
2000-301,20000110,Hard,QF,main,0,32.0,-737.0,5.5,13.0,,,,,,
2000-301,20000110,Hard,SF,main,0,161.0,-565.0,-3.3000000000000007,15.0,,,,,,
2000-301,20000110,Hard,SF,main,0,58.0,-945.0,-2.6000000000000014,-13.0,-0.25,-0.375,0.09358974358974359,-0.07860092927207019,-0.08021483021483022,0.08597285067873306
2000-301,20000110,Hard,F,main,0,36.0,-776.0,4.199999999999999,-13.0,,,,,,
2000-301,20000110,Hard,R32,main,0,38.0,-317.0,3.0,-7.0,,,,,,
2000-338,20000110,Hard,R32,main,0,-34.0,1343.0,-7.899999999999999,7.0,,,,,,
2000-301,20000110,Hard,R32,main,1,20.0,-162.0,-5.600000000000001,-5.0,,,,,,
2000-301,20000110,Hard,R32,main,0,31.0,-272.0,5.0,-0.0,-0.6666666666666666,0.7818181818181819,-0.021985343104596988,-0.025252525252525304,0.05674603174603171,0.2142857142857143
2000-M-SA-ESP-01A-2000a,20000110,Clay,QF,futures,1,-29.0,81.0,0.10000000000000142,-12.0,,,,,,
2000-M-SA-ESP-01A-2000a,20000110,Clay,SF,futures,1,35.0,-43.0,-5.5,10.0,,,,,,
2000-M-SA-ESP-01A-2000a,20000110,Clay,SF,futures,1,124.0,-198.0,-5.399999999999999,0.0,,,,,,
2000-M-SA-ESP-01A-2000a,20000110,Clay,F,futures,1,-39.0,37.0,0.09999999999999787,10.0,,,,,,
2000-M-SA-ESP-01A-2000b,20000110,Clay,R32,futures,0,-407.0,34.0,2.3000000000000007,,,,,,,
2000-M-SA-ESP-01A-2000b,20000110,Clay,R32,futures,0,275.0,-9.0,-0.8000000000000007,-8.0,,,,,,
2000-M-SA-ESP-01A-2000b,20000110,Clay,R32,futures,0,199.0,-82.0,-5.099999999999998,15.0,,,,,,
2000-M-SA-ESP-01A-2000b,20000110,Clay,R32,futures,0,-176.0,26.0,1.1999999999999993,10.0,,,,,,
2000-M-SA-ESP-01A-2000b,20000110,Clay,R32,futures,0,,,6.300000000000001,,,,,,,
2000-M-SA-ESP-01A-2000b,20000110,Clay,R32,futures,0,-44.0,5.0,-2.0,,,,,,,
2000-M-SA-ESP-01A-2000b,20000110,Clay,R32,futures,0,-176.0,32.0,3.5,,,,,,,
2000-301,20000110,Hard,R32,main,1,-52.0,1017.0,-9.400000000000002,8.0,,,,,,
2000-301,20000110,Hard,R32,main,1,162.0,-566.0,0.1999999999999993,7.0,-0.5,-0.19999999999999996,0.1500850340136054,0.031070195627157626,0.06823529411764706,0.13333333333333341
2000-301,20000110,Hard,R32,main,1,-11.0,77.0,-5.199999999999999,2.0,0.16666666666666663,0.15714285714285714,-0.05102040816326525,0.06255835667600373,0.09999999999999998,0.19433198380566802
2000-301,20000110,Hard,R32,main,0,16.0,-152.0,-1.5,2.0,,,,,,
2000-301,20000110,Hard,R32,main,0,-133.0,654.0,-3.6000000000000014,5.0,,,,,,
2000-301,20000110,Hard,R32,main,1,-20.0,159.0,-2.3999999999999986,0.0,,,,,,
2000-301,20000110,Hard,R32,main,1,-186.0,491.0,10.8,0.0,,,,,,
2000-301,20000110,Hard,R32,main,0,291.0,-697.0,-1.0,8.0,,,,,,
2000-301,20000110,Hard,R32,main,1,20.0,-72.0,2.8999999999999986,5.0,-0.30000000000000004,-3.0285714285714285,0.08995014431907644,-0.1030241935483871,0.0638425331621737,-0.1947261663286004
2000-338,20000110,Hard,R32,main,1,-6.0,119.0,-2.8000000000000007,5.0,0.33333333333333337,-1.4444444444444444,0.0019311652153308212,-0.02263119909269007,0.07833537331701346,-0.04166666666666663
2000-301,20000110,Hard,QF,main,1,166.0,-611.0,4.600000000000001,7.0,,,,,,
2000-338,20000110,Hard,R32,main,0,-13.0,399.0,4.800000000000001,8.0,,,,,,
2000-338,20000110,Hard,SF,main,0,-15.0,70.0,-8.899999999999999,8.0,-0.6666666666666666,0.10000000000000009,0.02125158256465909,-0.029813664596273326,-0.14269275028768702,-0.14285714285714285
2000-338,20000110,Hard,F,main,1,-73.0,813.0,-10.899999999999999,-5.0,0.33333333333333337,-0.34444444444444433,-0.11242096739028873,0.03631391851244181,0.09832204886664697,0.13690476190476197
2000-M-SA-ESP-01A-2000b,20000110,Clay,R32,futures,0,90.0,-19.0,-2.1000000000000014,,,,,,,
2000-M-SA-ESP-01A-2000b,20000110,Clay,R16,futures,0,703.0,-170.0,-3.8000000000000007,,,,,,,
2000-M-SA-ESP-01A-2000b,20000110,Clay,R16,futures,0,425.0,-95.0,-0.10000000000000142,-5.0,,,,,,
2000-M-SA-ESP-01A-2000b,20000110,Clay,R16,futures,1,104.0,-53.0,-1.8999999999999986,5.0,,,,,,
2000-338,20000110,Hard,R32,main,1,82.0,-850.0,0.0,2.0,0.0,1.4,0.060928433268858884,0.15350877192982448,0.20945945945945948,0.5142857142857143
2000-M-SA-ESP-01A-2000b,20000110,Clay,R16,futures,1,,,9.099999999999998,,,,,,,
2000-M-SA-ESP-01A-2000b,20000110,Clay,R16,futures,1,-513.0,316.0,3.3999999999999986,,,,,,,
2000-M-SA-ESP-01A-2000b,20000110,Clay,R16,futures,1,-458.0,212.0,7.600000000000001,,,,,,,
2000-M-SA-ESP-01A-2000b,20000110,Clay,R16,futures,0,209.0,-87.0,3.3999999999999986,5.0,,,,,,
2000-M-SA-ESP-01A-2000b,20000110,Clay,QF,futures,0,80.0,-67.0,-3.3999999999999986,5.0,,,,,,
2000-M-SA-ESP-01A-2000b,20000110,Clay,QF,futures,1,305.0,-63.0,-4.399999999999999,-2.0,,,,,,
2000-M-SA-ESP-01A-2000b,20000110,Clay,QF,futures,1,-29.0,81.0,0.10000000000000142,-12.0,,,,,,
2000-M-SA-ESP-01A-2000b,20000110,Clay,QF,futures,0,-81.0,95.0,4.899999999999999,17.0,,,,,,
2000-M-SA-ESP-01A-2000b,20000110,Clay,SF,futures,0,452.0,-157.0,-3.099999999999998,-5.0,,,,,,
2000-M-SA-ESP-01A-2000b,20000110,Clay,SF,futures,1,-124.0,198.0,5.399999999999999,0.0,,,,,,
2000-M-SA-ESP-01A-2000b,20000110,Clay,F,futures,0,85.0,-161.0,-5.300000000000001,10.0,,,,,,
2000-M-SA-ESP-01A-2000c,20000110,Clay,R32,futures,0,703.0,-328.0,-8.0,,,,,,,
2000-338,20000110,Hard,SF,main,0,7.0,-174.0,6.899999999999999,-0.0,,,,,,
2000-338,20000110,Hard,QF,main,1,87.0,-1547.0,6.300000000000001,-3.0,,,,,,
2000-M-SA-ESP-01A-2000b,20000110,Clay,R16,futures,0,-487.0,200.0,8.599999999999998,-5.0,,,,,,
2000-338,20000110,Hard,QF,main,0,41.0,-494.0,3.6999999999999993,3.0,,,,,,
2000-338,20000110,Hard,QF,main,0,-62.0,857.0,5.0,-5.0,,,,,,
2000-338,20000110,Hard,R32,main,0,59.0,-267.0,4.800000000000004,5.0,-0.5,0.33333333333333337,-0.09179950067217213,-0.040213178294573604,-0.17862266857962705,0.051136363636363646
2000-338,20000110,Hard,R32,main,1,29.0,-564.0,-0.8000000000000007,0.0,,,,,,
2000-338,20000110,Hard,R32,main,0,,,1.5999999999999979,-0.0,,,,,,
2000-338,20000110,Hard,R32,main,0,-23.0,282.0,-0.1999999999999993,10.0,,,,,,
2000-338,20000110,Hard,R32,main,1,55.0,-710.0,0.9000000000000021,0.0,,,,,,
2000-338,20000110,Hard,R32,main,1,-25.0,979.0,4.199999999999999,5.0,,,,,,
2000-338,20000110,Hard,R32,main,0,170.0,-1034.0,5.600000000000001,-5.0,,,,,,
2000-338,20000110,Hard,R32,main,1,10.0,-30.0,6.300000000000001,12.0,0.6666666666666666,,0.000190912562046619,0.20778985507246378,-0.06942846183352513,-0.04395604395604402
2000-338,20000110,Hard,R32,main,1,11.0,-232.0,-5.699999999999999,-5.0,,,,,,
2000-338,20000110,Hard,R32,main,0,-17.0,388.0,-1.0,5.0,-0.0,-6.0,-0.14502164502164505,-0.28536585365853656,0.0036363636363636598,-0.6
2000-338,20000110,Hard,R16,main,1,-18.0,406.0,-12.399999999999999,-3.0,,,,,,
2000-338,20000110,Hard,R32,main,0,24.0,-979.0,4.900000000000002,5.0,,,,,,
2000-338,20000110,Hard,R16,main,1,-33.0,1178.0,0.3999999999999986,13.0,,,,,,
2000-338,20000110,Hard,R16,main,1,71.0,-795.0,7.699999999999999,2.0,0.6666666666666666,1.0999999999999999,-0.04900753962148019,0.12881698685540954,0.13132911392405067,0.14285714285714285
2000-338,20000110,Hard,R16,main,1,71.0,-1440.0,-8.7,-5.0,,,,,,
2000-338,20000110,Hard,QF,main,1,-81.0,841.0,-6.599999999999998,-5.0,1.0,0.15555555555555567,-0.12602044095905385,-0.013571665011585576,0.14519170333123815,-0.09166666666666667
2000-338,20000110,Hard,R16,main,0,-22.0,165.0,-5.699999999999999,-3.0,-0.5,-0.6666666666666666,-0.228185762493974,-0.14059196617336156,-0.26467931345980134,-0.4696969696969697
2000-338,20000110,Hard,R16,main,0,14.0,-272.0,0.5,-5.0,,,,,,
2000-338,20000110,Hard,R16,main,1,61.0,-396.0,-3.3000000000000007,-5.0,-0.5,-0.20000000000000018,-0.009001636661211121,0.0368421052631579,0.19945945945945948,0.36250000000000004
2000-338,20000110,Hard,R16,main,0,38.0,-656.0,-3.8000000000000007,-15.0,,,,,,
2000-M-SA-EGY-01A-2000b,20000117,Clay,R32,futures,1,,,-2.1999999999999993,,,,,,,
2000-M-SA-EGY-01A-2000a,20000117,Clay,F,futures,0,-302.0,45.0,-2.3000000000000007,,,,,,,
2000-M-SA-EGY-01A-2000b,20000117,Clay,R32,futures,1,-90.0,4.0,5.400000000000002,,,,,,,
2000-M-SA-EGY-01A-2000b,20000117,Clay,R32,futures,1,-53.0,8.0,0.40000000000000213,,,,,,,
2000-M-SA-EGY-01A-2000b,20000117,Clay,R32,futures,1,-192.0,43.0,-1.2999999999999972,,,,,,,
2000-M-SA-EGY-01A-2000b,20000117,Clay,R32,futures,0,195.0,-36.0,1.3000000000000007,-2.0,,,,,,
2000-M-SA-EGY-01A-2000b,20000117,Clay,R32,futures,0,61.0,-15.0,2.5,,,,,,,
2000-M-SA-EGY-01A-2000b,20000117,Clay,R32,futures,1,-510.0,40.0,-1.8999999999999986,,,,,,,
2000-M-SA-EGY-01A-2000b,20000117,Clay,R32,futures,0,-607.0,101.0,1.5,,,,,,,
2000-M-SA-EGY-01A-2000b,20000117,Clay,R32,futures,0,33.0,-10.0,-6.300000000000001,,,,,,,
2000-M-SA-EGY-01A-2000b,20000117,Clay,R32,futures,0,340.0,-32.0,-2.5,,,,,,,
2000-M-SA-EGY-01A-2000b,20000117,Clay,R32,futures,1,,,1.6999999999999993,,,,,,,
2000-M-SA-EGY-01A-2000b,20000117,Clay,R32,futures,0,524.0,-35.0,1.8000000000000007,,,,,,,
2000-M-SA-EGY-01A-2000b,20000117,Clay,R32,futures,1,-223.0,4.0,-3.8999999999999986,,,,,,,
2000-M-SA-EGY-01A-2000b,20000117,Clay,R32,futures,0,,,0.6999999999999993,,,,,,,
2000-M-SA-EGY-01A-2000b,20000117,Clay,R32,futures,0,336.0,-96.0,-1.9000000000000021,,,,,,,
2000-M-SA-EGY-01A-2000b,20000117,Clay,R16,futures,0,201.0,-23.0,2.0,,,,,,,
2000-M-SA-EGY-01A-2000b,20000117,Clay,R32,futures,0,808.0,-78.0,-2.900000000000002,,,,,,,
2000-580,20000117,Hard,Q3,challenger,0,26.0,-49.0,-1.2000000000000028,10.0,,,,,,
2000-M-SA-EGY-01A-2000d,20000117,Clay,R32,futures,1,-408.0,59.0,10.0,,,,,,,
